time_ms,raw_a,raw_b,corrected_a,delayed_b
0,-0.208042,0.0586081,0.0457143,0.0457065
0.0208333,-0.0741111,0.0214576,-0.0773762,-0.0773966
0.0416667,0.0792172,-0.0673204,-0.236641,-0.236657
0.0625,0.0990605,-0.0585407,-0.299976,-0.299976
0.0833333,0.0059921,0.0197513,-0.224755,-0.22474
0.104167,-0.0608263,0.00185577,-0.0851283,-0.085112
0.125,-0.0313896,-0.142794,0.0145235,0.0145307
0.145833,0.0476411,-0.229112,0.0337141,0.0337125
0.166667,0.121336,-0.109401,0.00826609,0.00826263
0.1875,0.182798,0.109813,-0.00971419,-0.00971487
0.208333,0.21307,0.210276,-0.00540684,-0.00540573
0.229167,0.160954,0.151272,0.00568657,0.00568742
0.25,0.0328323,0.0856172,0.0155461,0.0155472
0.270833,-0.0648016,0.108052,0.0278223,0.0278235
0.291667,-0.0424751,0.134352,0.0290217,0.0290198
0.3125,0.0492465,0.0763219,-0.00564903,-0.0056559
0.333333,0.087242,0.00795539,-0.0566031,-0.056608
0.354167,0.0498583,0.0490223,-0.0468042,-0.0467966
0.375,0.0417135,0.155807,0.0650741,0.0650922
0.395833,0.129975,0.1623,0.191627,0.191637
0.416667,0.233169,0.0217479,0.183829,0.183816
0.4375,0.223391,-0.116625,0.0143863,0.0143605
0.458333,0.0921779,-0.108827,-0.165149,-0.165164
0.479167,-0.0455851,0.00716576,-0.200594,-0.200589
0.5,-0.0918233,0.101869,-0.123608,-0.123598
0.520833,-0.0525675,0.140988,-0.0890876,-0.0890903
0.541667,0.00632903,0.183017,-0.145908,-0.145917
0.5625,0.0310249,0.232742,-0.173051,-0.173047
0.583333,-0.00288147,0.217589,-0.0762374,-0.0762201
0.604167,-0.0874942,0.125836,0.0501291,0.0501391
0.625,-0.16529,0.0633706,0.0473582,0.0473481
0.645833,-0.156573,0.113226,-0.0730464,-0.0730617
0.666667,-0.047458,0.206542,-0.133554,-0.133552
0.6875,0.0741649,0.208281,-0.0328708,-0.0328515
0.708333,0.114636,0.0955239,0.122401,0.122416
0.729167,0.0895756,-0.0258663,0.172754,0.172752
0.75,0.0911233,-0.0675099,0.104649,0.104638
0.770833,0.144749,-0.0419153,0.0190566,0.0190481
0.791667,0.163554,0.00802044,-0.033826,-0.033832
0.8125,0.0749499,0.0797674,-0.0811629,-0.0811691
0.833333,-0.0577983,0.16714,-0.111885,-0.111885
0.854167,-0.0958427,0.209131,-0.0582451,-0.058232
0.875,0.00959301,0.155189,0.0729824,0.0729986
0.895833,0.161735,0.0570527,0.157231,0.157234
0.916667,0.231325,0.0240177,0.116517,0.116507
0.9375,0.185989,0.0826613,0.0527871,0.0527855
0.958333,0.0967156,0.13971,0.113549,0.113565
0.979167,0.0502645,0.102079,0.261443,0.261459
1,0.0757035,-0.0149642,0.301019,0.301012
1.02083,0.13391,-0.125223,0.15025,0.150225
1.04167,0.155476,-0.172484,-0.0323266,-0.0323415
1.0625,0.101306,-0.15492,-0.0556487,-0.0556405
1.08333,0.00372263,-0.0858659,0.0585479,0.058563
1.10417,-0.0645228,0.010617,0.136388,0.136391
1.125,-0.0762114,0.0763133,0.104575,0.104568
1.14583,-0.0816217,0.0546695,0.0582366,0.0582352
1.16667,-0.125894,-0.0313388,0.0747549,0.0747592
1.1875,-0.159041,-0.0842204,0.0852539,0.08525
1.20833,-0.0863737,-0.0460707,-0.00394071,-0.00395723
1.22917,0.0843539,0.0233441,-0.145883,-0.145898
1.25,0.208526,0.0174653,-0.20268,-0.202678
1.27083,0.162708,-0.0875746,-0.127461,-0.127447
1.29167,0.00223506,-0.210114,-0.0101694,-0.0101574
1.3125,-0.097054,-0.258048,0.0521494,0.0521526
1.33333,-0.0460868,-0.209494,0.0516065,0.0516044
1.35417,0.0669215,-0.104291,0.0255229,0.0255191
1.375,0.106928,-0.000150407,-0.00404549,-0.00404876
1.39583,0.0574488,0.0513775,-0.0098245,-0.00982198
1.41667,0.0127518,0.028815,0.0516693,0.0516814
1.4375,0.0370828,-0.0283608,0.166268,0.166281
1.45833,0.0912995,-0.0407104,0.223118,0.223117
1.47917,0.105858,0.0218445,0.130477,0.130458
1.5,0.0794366,0.0866483,-0.0444565,-0.0444755
1.52083,0.0709893,0.0551427,-0.134723,-0.134725
1.54167,0.107532,-0.0681491,-0.0840007,-0.0839904
1.5625,0.132562,-0.163788,-0.0162473,-0.0162449
1.58333,0.0631277,-0.128363,-0.0551997,-0.0552106
1.60417,-0.104451,0.0132863,-0.148015,-0.148023
1.625,-0.261094,0.145663,-0.145646,-0.145637
1.64583,-0.279177,0.187192,-0.0193045,-0.0192869
1.66667,-0.14963,0.152657,0.0980075,0.0980147
1.6875,-0.00444305,0.110804,0.0907114,0.090703
1.70833,0.0232185,0.111776,-0.00501221,-0.0050244
1.72917,-0.0526666,0.150277,-0.083521,-0.0835274
1.75,-0.102736,0.172235,-0.116702,-0.116705
1.77083,-0.0591934,0.120467,-0.151212,-0.151218
1.79167,0.000845001,0.0027134,-0.194937,-0.194941
1.8125,-0.0175587,-0.0861756,-0.188256,-0.18825
1.83333,-0.0780834,-0.0478501,-0.100148,-0.100134
1.85417,-0.0713551,0.0983799,0.00588418,0.00589343
1.875,0.00299507,0.213755,0.035059,0.0350559
1.89583,0.0199128,0.19026,-0.0352489,-0.0352609
1.91667,-0.0733415,0.076527,-0.136982,-0.136992
1.9375,-0.143983,0.0112666,-0.177628,-0.177627
1.95833,-0.0479153,0.0440861,-0.112074,-0.112061
1.97917,0.140937,0.0779421,0.0251863,0.0252035
2,0.196136,0.0060367,0.138004,0.138013
2.02083,0.0332964,-0.141404,0.143867,0.143861
2.04167,-0.179014,-0.2285,0.0625202,0.0625097
2.0625,-0.24916,-0.173292,0.0112323,0.0112327
2.08333,-0.198692,-0.035705,0.0743506,0.0743643
2.10417,-0.177463,0.0555259,0.19054,0.190552
2.125,-0.217964,0.035207,0.218564,0.218559
2.14583,-0.211365,-0.0485414,0.115886,0.11587
2.16667,-0.11752,-0.10013,-0.00735151,-0.00736169
2.1875,-0.05172,-0.0809272,-0.0384212,-0.0384188
2.20833,-0.1007,-0.0483246,-0.00798202,-0.00797921
2.22917,-0.167261,-0.0833301,-0.0272071,-0.0272147
2.25,-0.10942,-0.175066,-0.113381,-0.113392
2.27083,0.0289238,-0.205436,-0.160278,-0.160277
2.29167,0.0613281,-0.0857232,-0.0911154,-0.0911012
2.3125,-0.0708601,0.107792,0.0345973,0.0346111
2.33333,-0.201637,0.197169,0.109057,0.109061
2.35417,-0.163126,0.118486,0.115179,0.115178
2.375,-0.00249974,0.00733099,0.112499,0.1125
2.39583,0.106573,0.0161523,0.113417,0.113416
2.41667,0.0972521,0.104065,0.0581386,0.0581272
2.4375,0.0453481,0.105427,-0.0681322,-0.0681484
2.45833,0.00537777,-0.00940141,-0.163825,-0.16383
2.47917,-0.0603936,-0.0672226,-0.116261,-0.116246
2.5,-0.163943,0.0610784,0.0460542,0.046075
2.52083,-0.217909,0.252382,0.164579,0.164585
2.54167,-0.156533,0.281355,0.123777,0.123763
2.5625,-0.0574416,0.126042,-0.0236633,-0.0236815
2.58333,-0.0456469,-0.013469,-0.123795,-0.123799
2.60417,-0.107996,-0.00746058,-0.0917796,-0.0917689
2.625,-0.105829,0.0355847,0.00926069,0.00927207
2.64583,0.0208848,-0.0330385,0.0540457,0.0540445
2.66667,0.157956,-0.153551,-0.0044468,-0.00445849
2.6875,0.168087,-0.144475,-0.0952179,-0.0952268
2.70833,0.0655425,0.00916366,-0.12389,-0.123889
2.72917,-0.0224904,0.111665,-0.0851592,-0.0851533
2.75,-0.0209571,0.0289304,-0.0596891,-0.0596903
2.77083,0.0403146,-0.130167,-0.103552,-0.103562
2.79167,0.112149,-0.184456,-0.175364,-0.175371
2.8125,0.177255,-0.130896,-0.198179,-0.198178
2.83333,0.207938,-0.103602,-0.168069,-0.168065
2.85417,0.15652,-0.135814,-0.152316,-0.152318
2.875,0.0329538,-0.111308,-0.179858,-0.179862
2.89583,-0.0651716,0.028063,-0.190842,-0.190839
2.91667,-0.0602001,0.160079,-0.126233,-0.126221
2.9375,-0.00021131,0.145256,-0.0198828,-0.0198707
2.95833,0.00601191,0.0254959,0.0538367,0.0538426
2.97917,-0.054116,-0.0410434,0.0927828,0.0927881
3,-0.0749063,0.00195088,0.149067,0.149076
3.02083,0.0190702,0.0659533,0.200801,0.200803
3.04167,0.163645,0.0836958,0.139789,0.139772
3.0625,0.231176,0.101232,-0.0587322,-0.0587599
3.08333,0.176574,0.162576,-0.232039,-0.23205
3.10417,0.0659786,0.199587,-0.196218,-0.1962
3.125,-0.0128557,0.121829,0.008449,0.00847525
3.14583,-0.0218842,-0.0330859,0.146307,0.146311
3.16667,0.0289493,-0.130948,0.0796211,0.0796035
3.1875,0.0984699,-0.111676,-0.0680526,-0.0680667
3.20833,0.123068,-0.0470188,-0.0994302,-0.0994245
3.22917,0.0597214,-0.0195966,-0.00738715,-0.00737458
3.25,-0.0557093,-0.0249364,0.0514635,0.0514639
3.27083,-0.130248,-0.0291642,0.00248107,0.00247165
3.29167,-0.122603,-0.0520772,-0.0574893,-0.0574922
3.3125,-0.0979443,-0.123478,-0.0341205,-0.0341137
3.33333,-0.134926,-0.194367,0.0208618,0.0208657
3.35417,-0.203163,-0.172173,0.0113812,0.0113758
3.375,-0.190784,-0.0463625,-0.0422101,-0.042215
3.39583,-0.0573472,0.0849754,-0.0461992,-0.0461952
3.41667,0.0947892,0.131324,0.00383678,0.00384234
3.4375,0.130461,0.101644,0.0171949,0.0171918
3.45833,0.0307367,0.0579271,-0.0340405,-0.0340473
3.47917,-0.0997193,0.0291106,-0.0633565,-0.063355
3.5,-0.153719,0.0142281,-0.0174143,-0.0174065
3.52083,-0.116322,0.030936,0.0241131,0.024113
3.54167,-0.0501323,0.0956499,-0.0233716,-0.0233816
3.5625,-0.0233719,0.162887,-0.0941201,-0.0941237
3.58333,-0.057154,0.147549,-0.0604014,-0.0603896
3.60417,-0.11646,0.0287409,0.048403,0.0484135
3.625,-0.14405,-0.110171,0.0457393,0.0457258
3.64583,-0.120962,-0.170795,-0.154737,-0.15477
3.66667,-0.0936801,-0.139671,-0.388222,-0.388243
3.6875,-0.114543,-0.0760806,-0.426664,-0.426654
3.70833,-0.152772,-0.0326223,-0.254129,-0.254103
3.72917,-0.108571,-0.024856,-0.0599231,-0.0599057
3.75,0.0540166,-0.0548904,0.0118141,0.0118161
3.77083,0.224111,-0.110585,-0.000583025,-0.000584567
3.79167,0.248935,-0.14038,0.00301423,0.00301714
3.8125,0.115774,-0.0823981,0.0336514,0.0336544
3.83333,-0.0263525,0.0547039,0.0418959,0.0418947
3.85417,-0.0432036,0.173247,0.0253418,0.0253403
3.875,0.0359884,0.181719,0.024759,0.0247608
3.89583,0.0827879,0.0928665,0.0419877,0.0419892
3.91667,0.0444843,0.00127731,0.0394856,0.0394833
3.9375,-0.00566449,-0.0221484,0.016887,0.0168847
3.95833,0.0107193,0.014174,0.0170617,0.017064
3.97917,0.0669295,0.0572712,0.0449908,0.0449937
4,0.0757874,0.0600952,0.048775,0.0487722
4.02083,0.0148556,-0.00111741,0.0102685,0.0102634
4.04167,-0.0360382,-0.113798,-0.0093411,-0.00933953
4.0625,0.0120869,-0.213052,0.0344122,0.0344196
4.08333,0.147725,-0.215959,0.0796529,0.0796539
4.10417,0.256105,-0.10899,0.0403883,0.0403783
4.125,0.228392,0.0156515,-0.0466854,-0.0466931
4.14583,0.0737885,0.0483266,-0.0500382,-0.05003
4.16667,-0.0841608,-0.0158467,0.0652694,0.0652859
4.1875,-0.134115,-0.0739397,0.160138,0.160141
4.20833,-0.092133,-0.0367846,0.0932871,0.0932691
4.22917,-0.0653736,0.0752603,-0.0832734,-0.0832936
4.25,-0.103293,0.165245,-0.176623,-0.176623
4.27083,-0.134415,0.159814,-0.0842183,-0.0841984
4.29167,-0.0843086,0.0632355,0.0986709,0.0986915
4.3125,-0.007732,-0.0597999,0.209581,0.209587
4.33333,-0.023982,-0.131205,0.190766,0.190759
4.35417,-0.128014,-0.112499,0.100668,0.100656
4.375,-0.16396,-0.0449479,0.0087808,0.00877066
4.39583,-0.0370295,-0.0251646,-0.0637749,-0.063783
4.41667,0.12631,-0.102635,-0.118061,-0.118067
4.4375,0.123509,-0.202829,-0.147218,-0.147219
4.45833,-0.053634,-0.19456,-0.143919,-0.143917
4.47917,-0.205395,-0.0485337,-0.11019,-0.110185
4.5,-0.191565,0.110459,-0.0528573,-0.0528495
4.52083,-0.0967106,0.140808,0.0127889,0.0127965
4.54167,-0.0663831,0.0467103,0.0589885,0.0589923
4.5625,-0.0803931,-0.0378173,0.0723679,0.0723685
4.58333,-0.0115245,-0.0171357,0.0829615,0.0829645
4.60417,0.135848,0.0595188,0.130109,0.130117
4.625,0.198904,0.0709719,0.19199,0.191996
4.64583,0.100925,-0.0310606,0.194851,0.194846
4.66667,-0.0105233,-0.173136,0.121171,0.121161
4.6875,0.0367612,-0.239531,0.0641991,0.064198
4.70833,0.187919,-0.183014,0.116876,0.116889
4.72917,0.233931,-0.0661569,0.227484,0.227495
4.75,0.103553,-0.00102552,0.241507,0.241499
4.77083,-0.0516255,-0.0339302,0.104659,0.104638
4.79167,-0.0830244,-0.0870611,-0.0446861,-0.0446968
4.8125,-0.0286424,-0.0444788,-0.0370777,-0.0370653
4.83333,-0.00117568,0.0899452,0.116187,0.116208
4.85417,0.00363224,0.165921,0.239376,0.239383
4.875,0.0667459,0.0659574,0.207229,0.207216
4.89583,0.162324,-0.123636,0.0735065,0.0734901
4.91667,0.156299,-0.202453,-0.0295124,-0.0295194
4.9375,0.0102168,-0.117374,-0.0522215,-0.0522206
4.95833,-0.132661,-0.0357236,-0.0388669,-0.038865
4.97917,-0.132236,-0.105158,-0.0204456,-0.0204425
5,-0.0406233,-0.230558,0.0283632,0.0283718
5.02083,-0.0178218,-0.201602,0.118092,0.118104
5.04167,-0.106622,-0.00311774,0.190091,0.190096
5.0625,-0.193581,0.144524,0.173724,0.173717
5.08333,-0.183331,0.0869086,0.0769219,0.0769084
5.10417,-0.107742,-0.0554571,-0.0174063,-0.0174144
5.125,-0.0352306,-0.0761962,-0.0467407,-0.0467403
5.14583,0.0332104,0.01292,-0.035192,-0.0351906
5.16667,0.1126,0.015049,-0.0508115,-0.0508163
5.1875,0.147748,-0.138516,-0.108612,-0.10862
5.20833,0.0738595,-0.271588,-0.139291,-0.13929
5.22917,-0.0577063,-0.21664,-0.0699879,-0.0699735
5.25,-0.108192,-0.053349,0.0713026,0.0713197
5.27083,-0.0239501,0.0199771,0.162509,0.162512
5.29167,0.0930641,-0.0263853,0.122236,0.122225
5.3125,0.122331,-0.0415954,0.0194757,0.0194654
5.33333,0.0731784,0.0460489,0.00451392,0.00452109
5.35417,0.0458473,0.111015,0.122562,0.12258
5.375,0.0875338,0.0289171,0.244502,0.24451
5.39583,0.151947,-0.126374,0.22001,0.219997
5.41667,0.182443,-0.187786,0.0636391,0.063618
5.4375,0.165889,-0.128972,-0.0704883,-0.0704975
5.45833,0.101164,-0.0711421,-0.0847791,-0.0847745
5.47917,-0.0152903,-0.0766982,-0.0338821,-0.0338765
5.5,-0.141645,-0.0649019,-0.0083149,-0.0083146
5.52083,-0.186155,0.0318449,-0.00591851,-0.00591763
5.54167,-0.105741,0.136471,0.0160826,0.0160861
5.5625,0.0185548,0.131495,0.0215072,0.0215032
5.58333,0.0608616,0.0297963,-0.0663342,-0.0663509
5.60417,-0.00180306,-0.0519443,-0.212949,-0.212965
5.625,-0.0714095,-0.0613913,-0.269934,-0.269931
5.64583,-0.0619067,-0.0550809,-0.169768,-0.16975
5.66667,0.000207006,-0.0714175,-0.035281,-0.0352704
5.6875,0.028729,-0.0562348,-0.0155982,-0.0156042
5.70833,-0.0108319,0.0392049,-0.0754795,-0.0754855
5.72917,-0.0759617,0.15647,-0.0593045,-0.0592949
5.75,-0.104906,0.195076,0.0557315,0.0557456
5.77083,-0.0624731,0.143546,0.103325,0.10332
5.79167,0.0510572,0.0771002,-0.0296157,-0.0296399
5.8125,0.19023,0.0418848,-0.216759,-0.216776
5.83333,0.269107,0.0148307,-0.247642,-0.247633
5.85417,0.22673,-0.0150217,-0.107044,-0.107024
5.875,0.104823,0.000191176,0.0199693,0.019977
5.89583,0.020978,0.0923911,0.0087345,0.00872655
5.91667,0.0382165,0.205719,-0.0611294,-0.0611355
5.9375,0.0914764,0.252241,-0.0560298,-0.0560237
5.95833,0.0771661,0.215433,0.0261227,0.0261332
5.97917,-0.00770595,0.150333,0.0977229,0.097729
6,-0.0621932,0.0976589,0.131115,0.131118
6.02083,-0.0145154,0.0538249,0.158754,0.158758
6.04167,0.0862599,0.0259411,0.158842,0.158837
6.0625,0.128614,0.0541346,0.0644614,0.0644436
6.08333,0.059519,0.148092,-0.0943751,-0.0943926
6.10417,-0.0720236,0.242847,-0.170057,-0.170056
6.125,-0.169787,0.259863,-0.08303,-0.0830127
6.14583,-0.167821,0.19351,0.0508043,0.0508154
6.16667,-0.0730503,0.102949,0.0645238,0.0645162
6.1875,0.0418092,0.035701,-0.0369884,-0.0370014
6.20833,0.0975232,0.000121732,-0.101028,-0.101029
6.22917,0.0857171,0.00295573,-0.0576248,-0.0576164
6.25,0.0788883,0.0588678,-0.00874146,-0.00874077
6.27083,0.136084,0.144242,-0.0506699,-0.0506792
6.29167,0.209662,0.185151,-0.110876,-0.110878
6.3125,0.192078,0.128556,-0.0499444,-0.0499277
6.33333,0.0657256,0.0077041,0.12735,0.127373
6.35417,-0.0448679,-0.0923071,0.264381,0.26439
6.375,-0.012041,-0.121186,0.250535,0.250526
6.39583,0.132509,-0.0901876,0.140029,0.140015
6.41667,0.227998,-0.0311461,0.0539212,0.0539152
6.4375,0.173939,0.0278738,0.0384398,0.0384412
6.45833,0.0368079,0.0476685,0.0611886,0.0611925
6.47917,-0.0502328,-0.0104119,0.087503,0.0875064
6.5,-0.0482357,-0.129513,0.0997416,0.0997417
6.52083,-0.0311983,-0.223736,0.0771834,0.0771781
6.54167,-0.0644148,-0.215391,0.0253348,0.0253288
6.5625,-0.114032,-0.11779,0.0105666,0.0105705
6.58333,-0.0932872,-0.0179156,0.093757,0.0937728
6.60417,0.0246689,0.0136557,0.22163,0.221643
6.625,0.161451,-0.0272129,0.254163,0.254157
6.64583,0.204032,-0.102239,0.132815,0.132794
6.66667,0.12062,-0.163905,-0.0352225,-0.0352391
6.6875,0.00324753,-0.163787,-0.108644,-0.108646
6.70833,-0.020467,-0.0759357,-0.0827799,-0.0827756
6.72917,0.0732908,0.0585805,-0.0628859,-0.0628874
6.75,0.175117,0.140074,-0.093704,-0.0937083
6.77083,0.175962,0.103531,-0.104229,-0.104225
6.79167,0.104245,-0.00208662,-0.0401804,-0.04017
6.8125,0.0760046,-0.0578814,0.0300462,0.0300497
6.83333,0.114485,0.000997939,0.00370342,0.00369301
6.85417,0.101259,0.127275,-0.102533,-0.102546
6.875,-0.0453308,0.222745,-0.158474,-0.158473
6.89583,-0.212566,0.228433,-0.0791424,-0.0791257
6.91667,-0.212054,0.154238,0.0760616,0.0760796
6.9375,-0.0374286,0.0585118,0.176875,0.176881
6.95833,0.108404,0.0162564,0.156479,0.156471
6.97917,0.0771815,0.0705156,0.0547532,0.0547399
7,-0.0362653,0.177568,-0.0407625,-0.040771
7.02083,-0.0498724,0.220856,-0.0723423,-0.0723425
7.04167,0.0398642,0.125555,-0.0509851,-0.0509822
7.0625,0.0765638,-0.0412822,-0.041862,-0.0418646
7.08333,0.00681198,-0.127573,-0.0974982,-0.097509
7.10417,-0.0272733,-0.0667295,-0.18727,-0.187279
7.125,0.083451,0.0438131,-0.213097,-0.213093
7.14583,0.217978,0.0572252,-0.122452,-0.122436
7.16667,0.176523,-0.0567478,0.0126964,0.0127102
7.1875,-0.0323086,-0.189921,0.0693564,0.0693561
7.20833,-0.195394,-0.222423,0.0175801,0.0175701
7.22917,-0.183713,-0.139266,-0.0578303,-0.0578373
7.25,-0.100524,-0.0282527,-0.0849116,-0.0849127
7.27083,-0.0919911,0.00845419,-0.0918016,-0.0918042
7.29167,-0.132639,-0.0556598,-0.12749,-0.127495
7.3125,-0.106423,-0.141148,-0.14966,-0.149658
7.33333,-0.0248943,-0.127354,-0.0713343,-0.0713179
7.35417,-0.0192132,0.0166441,0.0887989,0.0888182
7.375,-0.119172,0.169161,0.18751,0.187513
7.39583,-0.17953,0.176496,0.128643,0.128628
7.41667,-0.0841942,0.0504716,-0.00136308,-0.00137543
7.4375,0.077984,-0.0212076,-0.0303788,-0.030372
7.45833,0.130454,0.0875962,0.0885665,0.088586
7.47917,0.039593,0.25472,0.225567,0.225579
7.5,-0.0746921,0.255523,0.238164,0.238157
7.52083,-0.12963,0.0718008,0.131869,0.131854
7.54167,-0.16434,-0.0701041,0.0268675,0.0268594
7.5625,-0.21767,-0.00935674,0.00204801,0.00204931
7.58333,-0.234462,0.121742,0.0196309,0.0196318
7.60417,-0.163597,0.0873157,-0.000333584,-0.000340376
7.625,-0.0750539,-0.110244,-0.0721017,-0.072112
7.64583,-0.0827064,-0.23219,-0.131482,-0.131485
7.66667,-0.176385,-0.147032,-0.114804,-0.114797
7.6875,-0.223482,-0.011962,-0.0282879,-0.0282751
7.70833,-0.145265,-0.0311032,0.0653256,0.0653349
7.72917,-0.012326,-0.156637,0.116129,0.116132
7.75,0.0624673,-0.172698,0.125676,0.125676
7.77083,0.055867,-0.0221149,0.112901,0.112899
7.79167,0.012307,0.116679,0.0667129,0.0667048
7.8125,-0.0499854,0.102026,-0.0306862,-0.0307002
7.83333,-0.135866,0.0274122,-0.13398,-0.133989
7.85417,-0.203725,0.0577535,-0.141975,-0.141967
7.875,-0.18556,0.173136,-0.0193531,-0.0193335
7.89583,-0.0912119,0.209424,0.118823,0.118834
7.91667,-0.0238802,0.112915,0.113305,0.113293
7.9375,-0.0545111,0.0107889,-0.0412753,-0.041297
7.95833,-0.126489,0.00675851,-0.172863,-0.17287
7.97917,-0.128656,0.0331384,-0.14416,-0.144147
8,-0.0323897,-0.0221294,-0.0284067,-0.0283952
8.02083,0.0902092,-0.131363,-0.00375718,-0.00376391
8.04167,0.163211,-0.173028,-0.109328,-0.109344
8.0625,0.168106,-0.118668,-0.205163,-0.205168
8.08333,0.116491,-0.0627436,-0.183329,-0.18332
8.10417,0.0253274,-0.0642564,-0.113685,-0.11368
8.125,-0.0601861,-0.0621615,-0.11725,-0.117256
8.14583,-0.0737114,0.0107621,-0.174679,-0.174684
8.16667,-0.0023874,0.111104,-0.164201,-0.164193
8.1875,0.0745345,0.149633,-0.0568194,-0.0568041
8.20833,0.0694178,0.122947,0.0445693,0.0445773
8.22917,-0.00141844,0.101537,0.0750822,0.0750834
8.25,-0.0327089,0.106863,0.0998032,0.0998096
8.27083,0.040853,0.0824125,0.172364,0.172374
8.29167,0.169654,-0.00235169,0.200298,0.200293
8.3125,0.25218,-0.0920008,0.068462,0.0684372
8.33333,0.236969,-0.12398,-0.146456,-0.146478
8.35417,0.146181,-0.112942,-0.222751,-0.222746
8.375,0.0349824,-0.108117,-0.0786417,-0.0786166
8.39583,-0.0408774,-0.104321,0.107165,0.10718
8.41667,-0.0447769,-0.0555636,0.126127,0.126117
8.4375,0.00819212,0.0371163,0.00160786,0.00159163
8.45833,0.0454588,0.112592,-0.0776865,-0.077688
8.47917,0.00738341,0.131715,-0.0301391,-0.030129
8.5,-0.0697554,0.119925,0.0385426,0.038547
8.52083,-0.0809369,0.108,0.0258191,0.0258136
8.54167,0.0180256,0.0774761,-0.0239541,-0.0239581
8.5625,0.140362,0.00179259,-0.0217954,-0.0217919
8.58333,0.158247,-0.090562,0.016614,0.0166171
8.60417,0.044744,-0.140224,0.0153414,0.0153381
8.625,-0.104923,-0.130994,-0.0226943,-0.0226975
8.64583,-0.183437,-0.0962939,-0.025843,-0.0258395
8.66667,-0.170202,-0.0560106,0.0126032,0.0126071
8.6875,-0.122926,0.00618546,0.0168987,0.0168945
8.70833,-0.10546,0.0907622,-0.0351816,-0.0351885
8.72917,-0.134368,0.150977,-0.0598406,-0.0598382
8.75,-0.170373,0.142801,-0.00906969,-0.00906148
8.77083,-0.149811,0.0796872,0.0167773,0.0167728
8.79167,-0.0493835,0.00746814,-0.105093,-0.105117
8.8125,0.0643901,-0.0547288,-0.317875,-0.317898
8.83333,0.0790566,-0.112664,-0.417574,-0.417573
8.85417,-0.0391828,-0.149352,-0.300964,-0.30094
8.875,-0.184288,-0.125457,-0.0912916,-0.0912693
8.89583,-0.215667,-0.0368226,0.0238548,0.0238595
8.91667,-0.120203,0.0640653,0.00739361,0.00738741
8.9375,-0.0230124,0.122054,-0.0363967,-0.0363997
8.95833,-0.0244156,0.12868,-0.0318426,-0.0318399
8.97917,-0.0740942,0.1004,-0.00517143,-0.00516916
9,-0.046624,0.0382095,-0.000528176,-0.000528806
9.02083,0.0860625,-0.0564009,-0.00924373,-0.00924421
9.04167,0.21142,-0.142152,-0.00823127,-0.0082308
9.0625,0.209382,-0.158236,-0.00646742,-0.00646814
9.08333,0.087913,-0.0904504,-0.0147092,-0.0147102
9.10417,-0.0338371,0.0118726,-0.0131291,-0.0131273
9.125,-0.0547973,0.0914109,0.00849524,0.00849781
9.14583,0.0164655,0.12719,0.0143787,0.0143764
9.16667,0.0894159,0.116061,-0.0219237,-0.0219296
9.1875,0.0943731,0.049039,-0.052391,-0.0523909
9.20833,0.055883,-0.0613975,-0.0114259,-0.0114163
9.22917,0.0602533,-0.153043,0.0669392,0.0669462
9.25,0.140705,-0.156018,0.0649983,0.0649897
9.27083,0.209742,-0.066328,-0.0550516,-0.0550697
9.29167,0.146669,0.0488103,-0.167314,-0.167321
9.3125,-0.0390034,0.119702,-0.122319,-0.122303
9.33333,-0.185015,0.122815,0.0605773,0.0606011
9.35417,-0.161823,0.0648719,0.206889,0.206898
9.375,-0.039734,-0.0371844,0.188242,0.188231
9.39583,0.00348316,-0.138144,0.0489986,0.0489802
9.41667,-0.0730833,-0.164291,-0.0806353,-0.0806469
9.4375,-0.122301,-0.0780096,-0.138319,-0.138323
9.45833,-0.03816,0.0628008,-0.156649,-0.156651
9.47917,0.065314,0.145888,-0.176185,-0.176188
9.5,0.00575444,0.111662,-0.18951,-0.189509
9.52083,-0.190267,-0.000786012,-0.17056,-0.170555
9.54167,-0.297574,-0.108068,-0.118454,-0.118447
9.5625,-0.194367,-0.150099,-0.0590417,-0.059036
9.58333,-0.0229573,-0.105496,-0.0219282,-0.021926
9.60417,0.0240569,0.00867944,-0.0190039,-0.019005
9.625,-0.0277487,0.12188,-0.0284769,-0.0284769
9.64583,-0.00693587,0.134775,-0.00521166,-0.00520567
9.66667,0.11525,0.0145554,0.0649852,0.0649947
9.6875,0.169916,-0.14072,0.123282,0.123285
9.70833,0.0543109,-0.182323,0.0922205,0.0922106
9.72917,-0.0931428,-0.0693289,-0.0106956,-0.0107079
9.75,-0.078975,0.0845198,-0.0595259,-0.0595237
9.77083,0.0759695,0.134541,0.0345449,0.0345635
9.79167,0.181838,0.0478296,0.191083,0.191099
9.8125,0.154991,-0.0872018,0.235619,0.235614
9.83333,0.104221,-0.157237,0.109002,0.10898
9.85417,0.122903,-0.109052,-0.0584385,-0.0584541
9.875,0.134639,0.0210431,-0.10676,-0.106757
9.89583,0.032275,0.121686,-0.0270374,-0.0270247
9.91667,-0.123647,0.0834706,0.0658273,0.0658354
9.9375,-0.169795,-0.0786967,0.101762,0.101764
9.95833,-0.0718966,-0.197082,0.121161,0.121166
9.97917,0.0302335,-0.120851,0.169355,0.169362
10,0.022752,0.0777938,0.201788,0.201788
10.0208,-0.0466362,0.155348,0.145178,0.145165
10.0417,-0.0814276,0.00136256,0.0171304,0.0171146
10.0625,-0.0899144,-0.194565,-0.076989,-0.0769948
10.0833,-0.136772,-0.176548,-0.07059,-0.0705843
10.1042,-0.196135,0.030213,-0.01498,-0.0149745
10.125,-0.165112,0.144765,-0.00905669,-0.00906088
10.1458,-0.024913,0.0145535,-0.0725302,-0.0725392
10.1667,0.108477,-0.174785,-0.118969,-0.118969
10.1875,0.129864,-0.16448,-0.0584494,-0.0584348
10.2083,0.0694322,0.0150807,0.0896024,0.0896215
10.2292,0.0238453,0.101336,0.20301,0.203017
10.25,0.0220195,-0.018673,0.183662,0.183651
10.2708,0.0277743,-0.160231,0.0696796,0.0696654
10.2917,0.0384475,-0.125489,0.000560393,0.000559923
10.3125,0.0924429,0.0147521,0.0628685,0.0628834
10.3333,0.174583,0.0471126,0.19421,0.194225
10.3542,0.194809,-0.0644795,0.264699,0.264701
10.375,0.100171,-0.145156,0.231652,0.231645
10.3958,-0.0432718,-0.0850696,0.165242,0.165236
10.4167,-0.125712,0.00770043,0.124549,0.124546
10.4375,-0.117479,-0.00997544,0.0791951,0.0791872
10.4583,-0.0727338,-0.101262,-0.00407513,-0.0040864
10.4792,-0.0381317,-0.124623,-0.0587718,-0.0587726
10.5,-0.0176082,-0.0570116,0.00844012,0.00845604
10.5208,-0.0191845,-0.0148289,0.156493,0.15651
10.5417,-0.0673194,-0.0622691,0.222926,0.222925
10.5625,-0.143352,-0.119744,0.134725,0.134709
10.5833,-0.166665,-0.10143,0.0194751,0.0194673
10.6042,-0.0811658,-0.0476809,0.030215,0.0302244
10.625,0.0638492,-0.0491151,0.120026,0.120034
10.6458,0.160622,-0.100677,0.102944,0.10293
10.6667,0.15878,-0.119305,-0.0713214,-0.0713466
10.6875,0.0991804,-0.081819,-0.22682,-0.226829
10.7083,0.0447838,-0.0555263,-0.193771,-0.193756
10.7292,0.0233827,-0.0832219,-0.0315116,-0.0314923
10.75,0.0394725,-0.1174,0.0703561,0.07036
10.7708,0.0893344,-0.103822,0.0487884,0.0487819
10.7917,0.13698,-0.0687591,0.00779256,0.00779101
10.8125,0.115845,-0.0701168,0.0230213,0.0230253
10.8333,0.000288891,-0.101553,0.0410168,0.0410162
10.8542,-0.138986,-0.107454,0.014312,0.0143083
10.875,-0.193254,-0.0765052,0.0155979,0.0156041
10.8958,-0.131718,-0.0568421,0.116938,0.116954
10.9167,-0.0293651,-0.0734885,0.228053,0.22806
10.9375,0.0225,-0.088811,0.185768,0.185751
10.9583,0.00312304,-0.0678246,-0.0068749,-0.00690034
10.9792,-0.0439652,-0.0352904,-0.157368,-0.157377
11,-0.0658227,-0.0315089,-0.13566,-0.13565
11.0208,-0.029257,-0.0449765,-0.0406016,-0.0405939
11.0417,0.0691175,-0.0339371,-0.0398156,-0.0398233
11.0625,0.183682,0.00316059,-0.126163,-0.126173
11.0833,0.229429,0.0269856,-0.146918,-0.146912
11.1042,0.157341,0.0243325,-0.0437028,-0.0436871
11.125,0.0243009,0.0288295,0.060898,0.0609043
11.1458,-0.0503409,0.0629088,0.0401462,0.040136
11.1667,-0.0138973,0.10057,-0.0760884,-0.0761035
11.1875,0.0607103,0.112095,-0.173475,-0.173484
11.2083,0.0629253,0.113261,-0.20731,-0.207312
11.2292,-0.0307074,0.13681,-0.204678,-0.204676
11.25,-0.140676,0.176307,-0.166252,-0.166244
11.2708,-0.174395,0.197118,-0.0704767,-0.0704627
11.2917,-0.106311,0.194194,0.0335852,0.0335936
11.3125,0.0164377,0.198597,0.0444082,0.0444016
11.3333,0.114711,0.223144,-0.0445584,-0.0445703
11.3542,0.129188,0.239932,-0.0995463,-0.0995444
11.375,0.0697709,0.226872,-0.0125069,-0.0124884
11.3958,0.0213947,0.203596,0.143133,0.143149
11.4167,0.0646776,0.196562,0.200831,0.200829
11.4375,0.172015,0.193519,0.116339,0.116324
11.4583,0.215852,0.164429,0.00784633,0.00783719
11.4792,0.113168,0.112672,-0.0207863,-0.0207853
11.5,-0.0610816,0.0697374,-0.00781741,-0.00781751
11.5208,-0.148326,0.0431122,-0.0440913,-0.0440997
11.5417,-0.0886774,0.00613329,-0.124041,-0.124049
11.5625,0.0165507,-0.0533657,-0.155151,-0.155149
11.5833,0.0369857,-0.108555,-0.0876901,-0.0876777
11.6042,-0.0325419,-0.134819,0.0300951,0.030109
11.625,-0.0802177,-0.146638,0.120002,0.120009
11.6458,-0.017417,-0.167828,0.141364,0.141363
11.6667,0.123725,-0.186293,0.0902392,0.0902294
11.6875,0.229199,-0.170838,-0.00758788,-0.00760028
11.7083,0.216409,-0.122065,-0.0817246,-0.0817285
11.7292,0.109119,-0.0712691,-0.0523567,-0.0523455
11.75,0.0135092,-0.0295008,0.0745841,0.0746017
11.7708,0.0128574,0.0262334,0.183394,0.183401
11.7917,0.073484,0.105785,0.172654,0.172646
11.8125,0.0750987,0.178238,0.0845324,0.0845231
11.8333,-0.03721,0.212154,0.0535035,0.0535075
11.8542,-0.155552,0.216907,0.130141,0.130154
11.875,-0.122797,0.216057,0.219398,0.219405
11.8958,0.0562635,0.199459,0.214918,0.214911
11.9167,0.195236,0.137927,0.135303,0.135294
11.9375,0.160386,0.0378904,0.0773855,0.0773825
11.9583,0.0519942,-0.0565196,0.0707257,0.0707256
11.9792,0.0623012,-0.119365,0.0462592,0.0462518
12,0.192303,-0.1642,-0.0489466,-0.0489614
12.0208,0.238003,-0.197202,-0.162999,-0.16301
12.0417,0.0848303,-0.186373,-0.193229,-0.193225
12.0625,-0.111085,-0.105872,-0.101334,-0.101318
12.0833,-0.130015,0.0145012,0.0483377,0.0483547
12.1042,0.0083836,0.118368,0.148792,0.148798
12.125,0.088387,0.185001,0.134364,0.134355
12.1458,0.0210525,0.224965,0.0271909,0.0271759
12.1667,-0.0348076,0.225019,-0.0774056,-0.0774141
12.1875,0.0711405,0.148299,-0.0887178,-0.0887127
12.2083,0.239612,0.00194078,-0.0102826,-0.0102711
12.2292,0.259484,-0.139098,0.0586187,0.0586227
12.25,0.112651,-0.202327,0.036104,0.0360964
12.2708,-0.0108814,-0.181495,-0.0416821,-0.0416907
12.2917,0.00351426,-0.105969,-0.0707579,-0.0707566
12.3125,0.0488159,0.0139822,-0.02278,-0.022773
12.3333,-0.00653978,0.162217,0.0172225,0.0172227
12.3542,-0.100872,0.262684,-0.0230443,-0.0230532
12.375,-0.0763048,0.222671,-0.0954463,-0.0954525
12.3958,0.0720304,0.047296,-0.105147,-0.105144
12.4167,0.182323,-0.139565,-0.0607537,-0.0607495
12.4375,0.158151,-0.213704,-0.0727477,-0.0727564
12.4583,0.0849375,-0.153505,-0.188212,-0.18823
12.4792,0.0703454,-0.0124307,-0.29581,-0.295817
12.5,0.0783099,0.146778,-0.248033,-0.248016
12.5208,0.0119426,0.244222,-0.0474011,-0.0473734
12.5417,-0.105861,0.180729,0.146235,0.146252
12.5625,-0.148983,-0.048191,0.192836,0.192832
12.5833,-0.0716343,-0.254476,0.110445,0.110432
12.6042,0.0302974,-0.204824,0.0236557,0.0236492
12.625,0.0640172,0.0820736,0.0136229,0.0136262
12.6458,0.0547447,0.293624,0.0522243,0.0522293
12.6667,0.064675,0.179372,0.0687776,0.0687771
12.6875,0.0704946,-0.12026,0.0431553,0.0431511
12.7083,0.00414117,-0.236101,0.0172014,0.0172003
12.7292,-0.117761,-0.0427364,0.0286636,0.0286671
12.75,-0.193446,0.188519,0.0577571,0.0577596
12.7708,-0.168988,0.164302,0.0547101,0.0547067
12.7917,-0.0986891,-0.0480187,0.0150979,0.0150929
12.8125,-0.0518859,-0.146667,-0.00137675,-0.00137458
12.8333,-0.0259666,-0.0226212,0.047495,0.0475042
12.8542,0.00584119,0.120795,0.105424,0.105427
12.875,0.0143489,0.0874054,0.070858,0.0708464
12.8958,-0.0509734,-0.0450114,-0.0541299,-0.0541459
12.9167,-0.167602,-0.075157,-0.124634,-0.124633
12.9375,-0.246064,0.0203431,-0.0179025,-0.0178794
12.9583,-0.235904,0.0824159,0.191939,0.191962
12.9792,-0.173956,0.026983,0.299184,0.299185
13,-0.115428,-0.0448322,0.211055,0.211036
13.0208,-0.0695033,-0.0240023,0.0491368,0.0491206
13.0417,-0.0320988,0.0432696,-0.0283323,-0.0283346
13.0625,-0.0349523,0.0476381,-0.0272914,-0.0272913
13.0833,-0.108409,-0.00873586,-0.0615016,-0.0615106
13.1042,-0.213616,-0.030611,-0.147506,-0.147516
13.125,-0.265021,0.0113621,-0.177198,-0.177194
13.1458,-0.224579,0.043193,-0.105675,-0.105663
13.1667,-0.135273,0.0155494,-0.0441161,-0.0441145
13.1875,-0.0568117,-0.0213179,-0.0925746,-0.0925857
13.2083,-0.00958509,-0.00781116,-0.169836,-0.169841
13.2292,0.00375125,0.0291689,-0.125443,-0.125429
13.25,-0.0321106,0.027598,0.017895,0.0179108
13.2708,-0.113344,-0.00680212,0.0703031,0.0702979
13.2917,-0.180109,-0.0156843,-0.0534577,-0.0534787
13.3125,-0.160728,0.0131316,-0.193365,-0.193374
13.3333,-0.0545882,0.029502,-0.154444,-0.154427
13.3542,0.0624195,0.00728061,0.0290744,0.0290971
13.375,0.119067,-0.0146808,0.15044,0.150445
13.3958,0.106532,-0.000526977,0.108388,0.108376
13.4167,0.054517,0.0239493,0.00232411,0.00231347
13.4375,-0.00812888,0.0174862,-0.0537064,-0.0537099
13.4583,-0.0479473,-0.00775084,-0.0800083,-0.080013
13.4792,-0.0208772,-0.00920108,-0.131563,-0.13157
13.5,0.0828277,0.0141026,-0.15701,-0.157008
13.5208,0.198125,0.0220038,-0.072276,-0.0722595
13.5417,0.231915,0.00180251,0.0739846,0.0740001
13.5625,0.159424,-0.0118753,0.136877,0.136877
13.5833,0.0493372,0.00328118,0.0830984,0.0830898
13.6042,-0.0115864,0.0205891,0.0451158,0.0451178
13.625,0.00566763,0.0107704,0.120273,0.120286
13.6458,0.0734555,-0.00904699,0.214277,0.214282
13.6667,0.145777,-0.00556708,0.172673,0.172658
13.6875,0.173705,0.0144043,0.0091613,0.00914098
13.7083,0.117865,0.016592,-0.105484,-0.105489
13.7292,-0.00921169,-0.00245372,-0.0709472,-0.0709361
13.75,-0.122295,-0.0103952,0.0285367,0.0285467
13.7708,-0.130319,0.00562712,0.0603883,0.0603864
13.7917,-0.0376351,0.0178164,0.00393894,0.00392971
13.8125,0.049584,0.00542495,-0.0766074,-0.0766168
13.8333,0.0333097,-0.0104162,-0.145444,-0.145452
13.8542,-0.0790117,-0.0031315,-0.200261,-0.200266
13.875,-0.196275,0.0143323,-0.205435,-0.20543
13.8958,-0.237524,0.0120029,-0.118363,-0.118347
13.9167,-0.188019,-0.00618597,0.0137944,0.0138083
13.9375,-0.0916201,-0.00948114,0.0712011,0.0712002
13.9583,-0.0215092,0.00729739,0.00977317,0.00976162
13.9792,-0.0397207,0.0152226,-0.0742993,-0.0743053
14,-0.138587,0.000616158,-0.0781692,-0.0781646
14.0208,-0.219557,-0.0118321,-0.0370318,-0.0370291
14.0417,-0.17601,-0.00121862,-0.0643634,-0.0643734
14.0625,-0.0191293,0.0140464,-0.174242,-0.174257
14.0833,0.1129,0.00766229,-0.246803,-0.246805
14.1042,0.103214,-0.0097699,-0.184381,-0.184367
14.125,-0.0075768,-0.00879792,-0.0348585,-0.0348404
14.1458,-0.0691862,0.00869272,0.0753086,0.0753162
14.1667,0.00467157,0.0125948,0.0841322,0.0841283
14.1875,0.147526,-0.00413929,0.0295199,0.0295122
14.2083,0.225904,-0.0133127,-0.0213174,-0.0213216
14.2292,0.179354,0.000562935,-0.0257761,-0.0257729
14.25,0.0652243,0.0136458,0.0301634,0.0301738
14.2708,-0.00757643,0.00318047,0.1216,0.121611
14.2917,0.0231926,-0.0134891,0.175248,0.175249
14.3125,0.115192,-0.00812196,0.125007,0.124994
14.3333,0.149369,0.0101117,-0.00248249,-0.00249863
14.3542,0.0468986,0.00975629,-0.10066,-0.100666
14.375,-0.123301,-0.00926485,-0.108375,-0.108372
14.3958,-0.195046,-0.0148911,-0.0828929,-0.0828921
14.4167,-0.102551,0.00257207,-0.107795,-0.107802
14.4375,0.0136845,0.0132259,-0.161774,-0.161778
14.4583,-0.0286869,-0.00185598,-0.143198,-0.143189
14.4792,-0.201948,-0.017667,-0.0235319,-0.0235145
14.5,-0.282709,-0.00720003,0.0889164,0.088924
14.5208,-0.149588,0.011922,0.0709692,0.0709582
14.5417,0.0383412,0.00648351,-0.0682998,-0.068319
14.5625,0.0531422,-0.0153351,-0.201645,-0.201656
14.5833,-0.082303,-0.0166161,-0.225691,-0.225687
14.6042,-0.126625,0.00535264,-0.152795,-0.152784
14.625,0.031504,0.0129547,-0.0713564,-0.07135
14.6458,0.210601,-0.00810811,-0.0521272,-0.0521296
14.6667,0.197789,-0.0228514,-0.0970309,-0.0970383
14.6875,0.051271,-0.00556885,-0.149535,-0.149539
14.7083,0.002478,0.0148432,-0.144179,-0.144174
14.7292,0.111652,0.00238839,-0.0664589,-0.0664469
14.75,0.189506,-0.0234872,0.0282223,0.028232
14.7708,0.0888102,-0.0185847,0.0740442,0.0740464
14.7917,-0.080277,0.0101345,0.0751284,0.0751285
14.8125,-0.124143,0.0133084,0.0937803,0.0937853
14.8333,-0.0494056,-0.0170609,0.145003,0.145008
14.8542,-0.0302726,-0.0303894,0.147622,0.147615
14.875,-0.130691,-0.00203986,0.028976,0.0289555
14.8958,-0.213421,0.0209398,-0.145,-0.145018
14.9167,-0.158316,-0.00337957,-0.212898,-0.212895
14.9375,-0.0392643,-0.0369693,-0.107966,-0.107947
14.9583,0.00226767,-0.0212404,0.0502483,0.0502631
14.9792,-0.0287386,0.020908,0.0943362,0.0943322
15,-0.00986311,0.0164607,0.00318436,0.00317
15.0208,0.0925783,-0.0334687,-0.0945797,-0.0945867
15.0417,0.170864,-0.045767,-0.0951752,-0.09517
15.0625,0.145187,0.00733207,-0.0348247,-0.0348183
15.0833,0.077159,0.0398913,-0.0137581,-0.0137601
15.1042,0.0589005,-0.0119689,-0.0579904,-0.0579976
15.125,0.0694866,-0.0712819,-0.103383,-0.103386
15.1458,0.0242354,-0.0317983,-0.0982145,-0.0982116
15.1667,-0.0772623,0.0574199,-0.0711018,-0.0711002
15.1875,-0.145415,0.0460405,-0.0805656,-0.08057
15.2083,-0.136169,-0.073921,-0.1231,-0.123105
15.2292,-0.105274,-0.120115,-0.120717,-0.120711
15.25,-0.104572,0.0108035,-0.00878896,-0.00876881
15.2708,-0.0987821,0.147523,0.171615,0.171637
15.2917,-0.0339789,0.0616191,0.288035,0.288041
15.3125,0.0634933,-0.175973,0.243639,0.243624
15.3333,0.11973,-0.239686,0.088684,0.0886646
15.3542,0.118421,0.00943174,-0.0226465,-0.022652
15.375,0.107852,0.290981,-0.00123328,-0.00122377
15.3958,0.108665,0.23886,0.0809703,0.0809785
15.4167,0.0805579,-0.124132,0.0960809,0.0960765
15.4375,-0.00103881,-0.403524,0.0321286,0.03212
15.4583,-0.090632,-0.310069,-0.00464191,-0.00464098
15.4792,-0.130646,0.0308529,0.0412168,0.0412249
15.5,-0.125052,0.287196,0.0872736,0.0872741
15.5208,-0.112585,0.301652,0.0462988,0.0462889
15.5417,-0.0934156,0.164527,-0.0226848,-0.0226891
15.5625,-0.0346571,0.000157261,0.00535308,0.00536425
15.5833,0.0584671,-0.162887,0.112593,0.112604
15.6042,0.129351,-0.308586,0.129754,0.129745
15.625,0.13959,-0.360465,-0.0226689,-0.0226936
15.6458,0.109861,-0.26648,-0.187358,-0.187369
15.6667,0.0722244,-0.089197,-0.156649,-0.156631
15.6875,0.0204875,0.0616596,0.0526392,0.0526675
15.7083,-0.0590664,0.15304,0.225768,0.22578
15.7292,-0.135287,0.223227,0.236619,0.236613
15.75,-0.154298,0.279111,0.181319,0.181316
15.7708,-0.106445,0.273872,0.189723,0.189729
15.7917,-0.0330908,0.191376,0.226907,0.226909
15.8125,0.0324934,0.085327,0.183067,0.183056
15.8333,0.0919232,0.0064724,0.0820012,0.0819915
15.8542,0.140841,-0.0598541,0.0576947,0.0576997
15.875,0.143023,-0.147291,0.13278,0.13279
15.8958,0.0746845,-0.238142,0.163329,0.163324
15.9167,-0.0295922,-0.28692,0.0582641,0.0582464
15.9375,-0.107206,-0.293007,-0.0617853,-0.0617929
15.9583,-0.131088,-0.298688,-0.0264372,-0.0264226
15.9792,-0.114412,-0.318656,0.131562,0.13158
16,-0.0656648,-0.320333,0.209876,0.209875
16.0208,0.0192207,-0.284522,0.108829,0.10881
16.0417,0.115649,-0.241324,-0.0514791,-0.0514944
16.0625,0.162926,-0.222127,-0.114631,-0.114631
16.0833,0.123112,-0.210819,-0.077879,-0.0778725
16.1042,0.0257616,-0.175568,-0.029851,-0.0298464
16.125,-0.0667746,-0.125175,0.0131289,0.013136
16.1458,-0.119169,-0.0949076,0.0972728,0.0972858
16.1667,-0.126183,-0.0878515,0.195612,0.195621
16.1875,-0.0805816,-0.071512,0.207742,0.207736
16.2083,0.0184552,-0.0339077,0.116433,0.116421
16.2292,0.12654,-0.00345778,0.0394135,0.0394103
16.25,0.167466,-0.000192527,0.0665048,0.0665125
16.2708,0.106963,-0.00201466,0.121777,0.121779
16.2917,-0.00847939,0.0174363,0.0705318,0.0705176
16.3125,-0.101153,0.0445032,-0.079625,-0.0796433
16.3333,-0.129383,0.0495944,-0.179757,-0.179761
16.3542,-0.0926634,0.0378239,-0.137263,-0.137252
16.375,-0.00376037,0.0402364,-0.0247371,-0.0247254
16.3958,0.105458,0.0612438,0.0324714,0.0324725
16.4167,0.167502,0.0717324,0.00199766,0.00199066
16.4375,0.121513,0.0590299,-0.0670722,-0.0670812
16.4583,-0.0114971,0.0485441,-0.13768,-0.137689
16.4792,-0.127846,0.0605935,-0.195284,-0.195289
16.5,-0.13736,0.0760889,-0.200133,-0.200129
16.5208,-0.0446412,0.0693033,-0.115358,-0.115343
16.5417,0.0736865,0.0518238,0.0124852,0.0124987
16.5625,0.144253,0.0529261,0.0757501,0.0757508
16.5833,0.132015,0.0697994,0.0382381,0.0382302
16.6042,0.0384553,0.0723528,-0.0123496,-0.0123518
16.625,-0.0866567,0.0545458,0.0126307,0.0126381
16.6458,-0.146468,0.0448975,0.0729221,0.0729264
16.6667,-0.0709876,0.0580318,0.0531802,0.0531699
16.6875,0.0894037,0.0695962,-0.0737542,-0.073773
16.7083,0.186533,0.0575975,-0.202859,-0.20287
16.7292,0.124452,0.0401232,-0.223443,-0.223438
16.75,-0.0333696,0.0448773,-0.136893,-0.13688
16.7708,-0.133477,0.061826,-0.0297821,-0.029771
16.7917,-0.0919639,0.0598372,0.0245829,0.0245854
16.8125,0.0394799,0.0397899,0.00849499,0.00848918
16.8333,0.144123,0.0336794,-0.0555894,-0.0555989
16.8542,0.14034,0.0502421,-0.11626,-0.116264
16.875,0.0306926,0.059409,-0.110018,-0.110012
16.8958,-0.0962618,0.0431646,-0.0184518,-0.0184373
16.9167,-0.11673,0.0269075,0.092554,0.0925647
16.9375,0.012665,0.0368387,0.135505,0.135504
16.9583,0.17126,0.0547641,0.109963,0.109959
16.9792,0.173058,0.0481374,0.103067,0.103071
17,-0.004764,0.0258436,0.162103,0.162113
17.0208,-0.154263,0.0242817,0.21325,0.213251
17.0417,-0.0788475,0.0453685,0.152765,0.15275
17.0625,0.136746,0.0518627,-0.00509337,-0.00511349
17.0833,0.214753,0.0303169,-0.126009,-0.126015
17.1042,0.0522402,0.0154537,-0.105497,-0.105485
17.125,-0.130125,0.0320768,0.0210147,0.0210319
17.1458,-0.0856661,0.0514726,0.131724,0.131733
17.1667,0.117902,0.0386262,0.148197,0.148194
17.1875,0.197719,0.0128465,0.0909538,0.0909454
17.2083,0.0553515,0.017188,0.0332041,0.0331997
17.2292,-0.0946487,0.044773,0.029617,0.0296203
17.25,-0.0426438,0.0476773,0.0792637,0.0792712
17.2708,0.122268,0.0179513,0.132809,0.132813
17.2917,0.160784,0.00426605,0.140159,0.140157
17.3125,0.034942,0.0308578,0.107628,0.107624
17.3333,-0.0562596,0.0532468,0.0950553,0.0950571
17.3542,0.0155272,0.0306868,0.131536,0.131542
17.375,0.130644,-0.00211368,0.150889,0.150886
17.3958,0.120691,0.0107391,0.0593196,0.0593014
17.4167,0.0187043,0.0502271,-0.125352,-0.125374
17.4375,-0.0116267,0.0486152,-0.255293,-0.2553
17.4583,0.0684255,0.00339682,-0.212425,-0.212411
17.4792,0.129609,-0.0115027,-0.0544964,-0.0544776
17.5,0.0864063,0.0330102,0.0495539,0.0495583
17.5208,0.0200456,0.0651622,0.0185681,0.0185586
17.5417,0.0370389,0.026006,-0.0630013,-0.0630088
17.5625,0.104923,-0.0260506,-0.0766365,-0.0766329
17.5833,0.117298,-0.00226642,-0.0215727,-0.0215656
17.6042,0.0649933,0.0660625,0.00851191,0.00851121
17.625,0.0396076,0.0658245,-0.0315176,-0.0315248
17.6458,0.0809107,-0.0137184,-0.0793927,-0.0793955
17.6667,0.120274,-0.0481951,-0.0588399,-0.0588333
17.6875,0.098911,0.0281559,0.0110731,0.0110806
17.7083,0.0592264,0.102231,0.0320095,0.0320059
17.7292,0.0681756,0.0475889,-0.0567042,-0.0567203
17.75,0.108788,-0.0653127,-0.19836,-0.198376
17.7708,0.11457,-0.0584374,-0.26444,-0.26444
17.7917,0.0798971,0.0752645,-0.180972,-0.180955
17.8125,0.0638779,0.137077,-0.00792898,-0.0079083
17.8333,0.089971,0.01634,0.117594,0.117602
17.8542,0.110732,-0.121927,0.124184,0.124179
17.875,0.0897161,-0.0643292,0.0750841,0.0750799
17.8958,0.0597209,0.124723,0.0735601,0.0735648
17.9167,0.0645431,0.173892,0.121398,0.121403
17.9375,0.0866331,-0.00469098,0.125674,0.125669
17.9583,0.0794767,-0.17163,0.0521495,0.0521386
17.9792,0.0454318,-0.0884786,-0.00108886,-0.00108906
18,0.0289194,0.142584,0.0587194,0.0587326
18.0208,0.0408729,0.212809,0.158368,0.158375
18.0417,0.0423509,0.0265522,0.134035,0.134021
18.0625,0.0112902,-0.175831,-0.0314071,-0.0314296
18.0833,-0.0218132,-0.143303,-0.1512,-0.151204
18.1042,-0.0268156,0.0710562,-0.070075,-0.0700537
18.125,-0.0238627,0.206108,0.124605,0.124627
18.1458,-0.0476593,0.124283,0.219614,0.219615
18.1667,-0.0888593,-0.0592249,0.156427,0.156415
18.1875,-0.110911,-0.152453,0.0744331,0.0744283
18.2083,-0.111533,-0.090575,0.0733576,0.0733606
18.2292,-0.124763,0.0494399,0.0691421,0.0691358
18.25,-0.162107,0.153496,-0.0409367,-0.0409555
18.2708,-0.193038,0.147331,-0.17784,-0.177851
18.2917,-0.196329,0.0283268,-0.177761,-0.177751
18.3125,-0.19428,-0.119136,-0.0491914,-0.0491752
18.3333,-0.212929,-0.166489,0.0146275,0.0146246
18.3542,-0.236863,-0.0576769,-0.0912771,-0.0912967
18.375,-0.234733,0.116241,-0.22659,-0.226599
18.3958,-0.211139,0.198106,-0.201614,-0.201599
18.4167,-0.197101,0.123907,-0.0380124,-0.0379911
18.4375,-0.196387,-0.026734,0.0798352,0.0798418
18.4583,-0.17905,-0.132181,0.0660061,0.0659996
18.4792,-0.132491,-0.138193,0.0121002,0.0120957
18.5,-0.083118,-0.0623732,0.00139263,0.00139232
18.5208,-0.0524507,0.0533073,-0.0178518,-0.0178587
18.5417,-0.0227167,0.154434,-0.104825,-0.104838
18.5625,0.0298366,0.174562,-0.178251,-0.178253
18.5833,0.0909296,0.0830824,-0.113983,-0.113966
18.6042,0.128355,-0.0638035,0.0533527,0.0533721
18.625,0.141949,-0.159128,0.151135,0.151137
18.6458,0.15873,-0.144383,0.100332,0.10032
18.6667,0.181995,-0.0511518,0.0175907,0.0175857
18.6875,0.181516,0.054648,0.0416282,0.0416382
18.7083,0.142133,0.133294,0.146542,0.146554
18.7292,0.0886448,0.164794,0.201977,0.201978
18.75,0.045017,0.126137,0.158513,0.158504
18.7708,-0.00243936,0.0174167,0.0788549,0.078846
18.7917,-0.0748659,-0.105078,0.0111744,0.0111663
18.8125,-0.154958,-0.163898,-0.0625277,-0.0625378
18.8333,-0.204402,-0.133133,-0.135531,-0.135537
18.8542,-0.216659,-0.0511146,-0.133648,-0.133641
18.875,-0.216733,0.0366104,-0.0248532,-0.0248366
18.8958,-0.209546,0.1133,0.0922745,0.0922831
18.9167,-0.166718,0.164504,0.0900142,0.0900055
18.9375,-0.076851,0.157227,-0.0236411,-0.0236561
18.9583,0.0249007,0.0769475,-0.117006,-0.117012
18.9792,0.0994377,-0.0354575,-0.108409,-0.108403
19,0.148472,-0.116615,-0.0556565,-0.0556522
19.0208,0.187786,-0.142391,-0.0542419,-0.0542461
19.0417,0.198089,-0.130199,-0.112522,-0.11253
19.0625,0.14316,-0.0904435,-0.168742,-0.168746
19.0833,0.0308455,-0.0143375,-0.181621,-0.18162
19.1042,-0.0843255,0.0847524,-0.148039,-0.148032
19.125,-0.164044,0.15664,-0.0634266,-0.0634134
19.1458,-0.213159,0.163804,0.0653297,0.0653461
19.1667,-0.232151,0.121577,0.172308,0.172316
19.1875,-0.186891,0.0662193,0.169297,0.169289
19.2083,-0.0604291,0.00492726,0.0574749,0.0574591
19.2292,0.0932783,-0.0716459,-0.048312,-0.048319
19.25,0.189898,-0.14274,-0.0463445,-0.0463374
19.2708,0.197056,-0.164563,0.0332318,0.0332416
19.2917,0.139079,-0.126713,0.0782784,0.0782787
19.3125,0.0355202,-0.0657512,0.0404876,0.04048
19.3333,-0.107476,-0.0117893,-0.0184513,-0.018456
19.3542,-0.237939,0.0447483,-0.0210091,-0.0210052
19.375,-0.256661,0.113708,0.0355089,0.0355171
19.3958,-0.121728,0.164784,0.0935087,0.0935136
19.4167,0.0786612,0.160602,0.0983215,0.098318
19.4375,0.203242,0.111736,0.0274784,0.0274654
19.4583,0.188688,0.0606516,-0.103606,-0.103624
19.4792,0.0700263,0.0189499,-0.231226,-0.231238
19.5,-0.0899791,-0.0380473,-0.267967,-0.267964
19.5208,-0.222021,-0.111459,-0.185168,-0.185153
19.5417,-0.227176,-0.158208,-0.0634036,-0.0633919
19.5625,-0.0477424,-0.14988,-0.0164721,-0.0164735
19.5833,0.198169,-0.114705,-0.0600803,-0.060088
19.6042,0.259863,-0.0901056,-0.0973098,-0.0973095
19.625,0.0355087,-0.0633525,-0.0498165,-0.0498057
19.6458,-0.24672,-0.00110652,0.0374131,0.0374218
19.6667,-0.259939,0.0808108,0.0565316,0.0565273
19.6875,0.0116492,0.128388,-0.0224794,-0.0224924
19.7083,0.232398,0.128655,-0.11382,-0.113827
19.7292,0.139148,0.12538,-0.1154,-0.115392
19.75,-0.122725,0.141204,-0.0131674,-0.0131508
19.7708,-0.207777,0.135777,0.116936,0.11695
19.7917,-0.0334097,0.0745938,0.182057,0.182059
19.8125,0.138377,-0.00417334,0.140755,0.140744
19.8333,0.0858904,-0.0420232,0.0279628,0.0279481
19.8542,-0.0827754,-0.050771,-0.0719,-0.0719084
19.875,-0.12151,-0.088397,-0.098336,-0.0983353
19.8958,-0.00138712,-0.15405,-0.0778326,-0.077831
19.9167,0.0832126,-0.178374,-0.0924868,-0.0924931
19.9375,0.0208492,-0.134268,-0.167263,-0.167274
19.9583,-0.0730977,-0.0869217,-0.218105,-0.218105
19.9792,-0.0576318,-0.091154,-0.153776,-0.153762
