sample_rate,true_lag_samples,estimated_lag_samples,inverted,correlation_before,correlation_after,residual_lag_samples,normalized_rms_error
44100,-308.37,-308.370054256,0,0.0722719975251,0.999999999029,5.41860199028e-05,4.41183354744e-05
44100,-308.37,-308.370054256,1,-0.0722719975251,0.999999999029,5.41860199028e-05,4.41183354744e-05
44100,308.37,308.36981287,0,0.072391697099,0.999999988448,0.000187115366445,0.000152016054672
44100,308.37,308.36981287,1,-0.072391697099,0.999999988448,0.000187115366445,0.000152016054672
48000,-336.37,-336.369855659,0,0.126764624882,0.999999994211,-0.000144203994995,0.000107614854982
48000,-336.37,-336.369855659,1,-0.126764624882,0.999999994211,-0.000144203994995,0.000107614854982
48000,336.37,336.369878395,0,0.126753640397,0.999999995891,0.000121479568013,9.06686475227e-05
48000,336.37,336.369878395,1,-0.126753640397,0.999999995891,0.000121479568013,9.06686475227e-05
96000,-672.37,-672.369355246,0,0.120472026577,0.999999971078,-0.000642428770421,0.000240512811576
96000,-672.37,-672.369355246,1,-0.120472026577,0.999999971078,-0.000642428770421,0.000240512811576
96000,672.37,672.369741222,0,0.11434991136,0.999999995338,0.000257894424378,9.65767804464e-05
96000,672.37,672.369741222,1,-0.11434991136,0.999999995338,0.000257894424378,9.65767804464e-05
192000,-1344.37,-1344.36346583,0,0.117129896298,0.999999261509,-0.00647933516422,0.00121528400189
192000,-1344.37,-1344.36346583,1,-0.117129896298,0.999999261509,-0.00647933516422,0.00121528400189
192000,1344.37,1344.36705688,0,0.107654977825,0.999999850166,0.00291849340271,0.000547409206579
192000,1344.37,1344.36705688,1,-0.107654977825,0.999999850166,0.00291849340271,0.000547409206579
